Algorithm,Clusters Found,Time (s)
KMeans,4,0.8067507743835449
Agglomerative,4,0.017739534378051758
DBSCAN,5,0.0022716522216796875
